{
  "0": {
    "precision": 0.0,
    "recall": 0.0,
    "f1-score": 0.0,
    "support": 11658.0
  },
  "1": {
    "precision": 0.76684,
    "recall": 1.0,
    "f1-score": 0.868035588961083,
    "support": 38342.0
  },
  "accuracy": 0.76684,
  "macro avg": {
    "precision": 0.38342,
    "recall": 0.5,
    "f1-score": 0.4340177944805415,
    "support": 50000.0
  },
  "weighted avg": {
    "precision": 0.5880435856,
    "recall": 0.76684,
    "f1-score": 0.6656444110389169,
    "support": 50000.0
  }
}